PC0,PC0
PC1,PC1
PC2,PC2
PC3,PC3
PA0,PA0
PA1,PA1
PA2,PA2
PA3,PA3
PA4,PA4
PA5,PA5
PA6,PA6
PA7,PA7
PC4,PC4
PC5,PC5
PB0,PB0
PB1,PB1
PB2,PB2
PB3,PB3
PE7,PE7
PE8,PE8
PE9,PE9
PE10,PE10
PE11,PE11
PE12,PE12
PE13,PE13
PE14,PE14
PE15,PE15
PB10,PB10
PB11,PB11
PB12,PB12
PB13,PB13
PB14,PB14
PB15,PB15
PD8,PD8
PD9,PD9
PD10,PD10
PD11,PD11
PD12,PD12
PD13,PD13
PD14,PD14
PD15,PD15
PC6,PC6
PC7,PC7
PC8,PC8
PC9,PC9
PA8,PA8
PA9,PA9
PA10,PA10
PA13,PA13
PA14,PA14
PA15,PA15
PC10,PC10
PC11,PC11
PC12,PC12
PD0,PD0
PD1,PD1
PD2,PD2
PD3,PD3
PD4,PD4
PD5,PD5
PD6,PD6
PD7,PD7
PB4,PB4
PB5,PB5
PB6,PB6
PB7,PB7
PB8,PB8
PB9,PB9
PE0,PE0
PE1,PE1
PE2,PE2
PE3,PE3
PE4,PE4
PE5,PE5
PE6,PE6
PC13,PC13
PC14,PC14
PC15,PC15
PH0,PH0
PH1,PH1
LED_GREEN,PD12
LED_ORANGE,PD13
LED_RED,PD14
LED_BLUE,PD15
SW,PA0
USB_DM,PA11
USB_DP,PA12
PF0,PF0
PF1,PF1
PF2,PF2
PF3,PF3
PF4,PF4
PF5,PF5
PF6,PF6
PF7,PF7
PF8,PF8
PF9,PF9
PF10,PF10
PF11,PF11
PF12,PF12
PF13,PF13
PF14,PF14
PF15,PF15
PG0,PG0
PG1,PG1
PG2,PG2
PG3,PG3
PG4,PG4
PG5,PG5
PG6,PG6
PG7,PG7
PG8,PG8
PG9,PG9
PG10,PG10
PG11,PG11
PG12,PG12
PG13,PG13
PG14,PG14
PG15,PG15
SPIFLASH_CS,PB12
SPIFLASH_SCK,PB13
SPIFLASH_MOSI,PB15
SPIFLASH_MISO,PB14